"3144274","6700 block of 9th Ave, Lake Station, Indiana, ","No_Match"
"482856","17 W Main St, Mohawk, New York, ","Match","Exact","17 W MAIN ST, MOHAWK, NY, 13407","-75.005240914683,43.011141790895","153730350","R"
"2887313","2804 Mirage St, Yukon, Oklahoma, ","Match","Exact","2804 MIRAGE ST, YUKON, OK, 73099","-97.740852694565,35.436727328833","650612871","R"
"2643602","2000 block of Pearl Ave, Shreveport, Louisiana, ","No_Match"
"725323","15300 block of Market St, Channelview, Texas, ","No_Match"
"519541","1304 Franklin Ave, Pittsburgh (Wilkinsburg), Pennsylvania, ","Match","Non_Exact","1304 FRANKLIN AVE, WILKINSBURG, PA, 15221","-79.873137423779,40.438168155924","51669045","R"
"2288842","2688 Beach Blvd, Biloxi, Mississippi, ","Match","Exact","2688 BEACH BLVD, BILOXI, MS, 39531","-88.993791815505,30.388807429627","111413252","R"
"853756","2871 Lee Dr, Bogue Chitto, Mississippi, ","Match","Non_Exact","2871 LEE DR SE, BOGUE CHITTO, MS, 39629","-90.46031086924,31.413648134289","612491003","R"
"2527517","3196 Arkabutla Dam Road, Coldwater, Mississippi, ","Match","Exact","3196 ARKABUTLA DAM RD, COLDWATER, MS, 38618","-90.131143514666,34.74148963399","80137823","R"
"379166","5500 block of Old Atlanta Road, Suwanee, Georgia, ","Match","Non_Exact","5500 OLD ATLANTA RD, SUWANEE, GA, 30024","-84.127213840997,34.080046562712","628101542","R"
"494155","Pine Street and Harvard Avenue, Tulsa, Oklahoma, ","Match","Non_Exact","E PINE ST & N HARVARD AVE, TULSA, OK, 74115","-95.940280460022,36.177131598352","",""
"1551531","5361 E Lamona Ave, Fresno, California, ","Match","Exact","5361 E LAMONA AVE, FRESNO, CA, 93727","-119.715193005788,36.760749014387","617781530","L"
"1525476","6733 W Irving Park Rd, Chicago, Illinois, ","Match","Exact","6733 W IRVING PARK RD, CHICAGO, IL, 60634","-87.794660599867,41.95271775851","111750372","L"
"2930956","6005 Buford Hwy, Norcross, Georgia, ","Match","Exact","6005 BUFORD HWY, NORCROSS, GA, 30071","-84.216733547714,33.934488340265","638652403","L"
"3031116","3113 Avenue S, Birmingham, Alabama, ","Match","Exact","3113 AVENUE S, BIRMINGHAM, AL, 35208","-86.88307041422,33.497638174335","81719730","L"
"2642071","5700 block of Warrington Ave, Philadelphia, Pennsylvania, ","Match","Non_Exact","5700 WARRINGTON AVE, PHILADELPHIA, PA, 19143","-75.22976036892,39.938805974608","131399548","L"
"952720","400 block of W 13th Street, Casa Grande, Arizona, ","No_Match"
"2269082","J St and 10th St, Sacramento, California, ","Match","Exact","J ST & 10TH ST, SACRAMENTO, CA, 95814","-121.493461829302,38.580312920026","",""
"2217882","1300 block of N Park Ave, Inglewood, California, ","Match","Non_Exact","1300 N PARK AVE, INGLEWOOD, CA, 90302","-118.34533387665,33.979291178004","141654826","R"
"140117","14015 Fosters Creek Dr, Cypress, Texas, ","Match","Exact","14015 FOSTERS CREEK DR, CYPRESS, TX, 77429","-95.654852996127,29.972894285727","96562094","L"
"1495192","25019 Ridge Road, Elkmont, Alabama, ","Match","Exact","25019 RIDGE RD, ELKMONT, AL, 35620","-86.969159502088,34.920914773294","636978623","L"
"2108414","7518 Imogene St, Houston, Texas, ","Match","Exact","7518 IMOGENE ST, HOUSTON, TX, 77074","-95.518656385566,29.68347914148","96139229","R"
"2319567","1696 TX-7 W, Centerville, Texas, ","No_Match"
"2543201","14811 NW 87th Ct, Hialeah, Florida, ","Match","Exact","14811 NW 87TH CT, HIALEAH, FL, 33018","-80.341091211541,25.905338406191","116249832","L"
"3069059","1918 S. Laura St, Wichita, Kansas, ","Match","Exact","1918 S LAURA ST, WICHITA, KS, 67211","-97.323752534565,37.658565693841","115646919","L"
"1209006","660 Manwell Blvd, Bakersfield, California, ","Match","Exact","660 MANWELL BLVD, BAKERSFIELD, CA, 93307","-118.916005155547,35.348400914323","109111520","L"
"390526","2211 Falling Oaks, Houston, Texas, ","Match","Non_Exact","2211 FALLING OAKS RD, HOUSTON, TX, 77038","-95.451989127997,29.919965254355","96572700","R"
"2177416","3500 block of Garnet Ln, Lancaster, California, ","Match","Non_Exact","3500 GARNET LN, LANCASTER, CA, 93535","-118.067254149721,34.687018343286","641237366","L"
"859875","2427 Forsyth Rd, Orlando, Florida, ","Match","Non_Exact","2427 N FORSYTH RD, ORLANDO, FL, 32807","-81.294463738147,28.57927362638","611261660","R"
"686312","600 block of Moccasin Gap Road, Jackson, Georgia, ","Match","Non_Exact","600 MOCCASIN GAP RD, JACKSON, GA, 30233","-83.989506712889,33.385548606241","627553049","L"
"3096566","3761 S Oxford Way, Salt Lake City (West Valley City), Utah, ","Match","Non_Exact","3761 S OXFORD WAY, WEST VALLEY CITY, UT, 84119","-111.973042092158,40.689982409255","176072040","L"
"1467828","419 E 5th St, Dayton, Ohio, ","Match","Exact","419 E 5TH ST, DAYTON, OH, 45402","-84.184448895067,39.757223384861","143628840","L"
"508640","5581 Cracker Barrel Blvd, Kalamazoo, Michigan, ","Match","Exact","5581 CRACKER BARREL BLVD, KALAMAZOO, MI, 49009","-85.676971985769,42.235417156833","12245600","R"
"1232288","511 Wilburn St, Taft, Texas, ","Match","Exact","511 WILBURN ST, TAFT, TX, 78390","-97.407954003811,27.974678106288","605983152","L"
"2960811","2673 Ridgecrest Dr, Florence, Kentucky, ","Match","Exact","2673 RIDGECREST DR, FLORENCE, KY, 41042","-84.681402300622,38.9715064205","635525032","L"
"1515327","4100 block of Highland Ave, Beaumont, Texas, ","Match","Non_Exact","4100 HIGHLAND AVE, BEAUMONT, TX, 77705","-94.085497006108,30.046797404416","73858047","R"
"1382711","4637 Wyndtree Dr, West Chester, Ohio, ","Match","Exact","4637 WYNDTREE DR, WEST CHESTER, OH, 45069","-84.465734874785,39.349982032516","113814126","L"
"2509663","12761 San Mateo Rd, Half Moon Bay, California, ","No_Match"
"2074406","1718 1st St, Wasco, California, ","Match","Exact","1718 1ST ST, WASCO, CA, 93280","-119.345034477814,35.600687393077","109008186","L"
"2014381","127 Jackson St, West Jefferson, Ohio, ","Match","Exact","127 JACKSON ST, WEST JEFFERSON, OH, 43162","-83.273182625843,39.947190399077","622180582","L"
"390050","3182 Airport Rd, Barre, Vermont, ","Match","Exact","3182 AIRPORT RD, BARRE, VT, 05641","-72.557006694426,44.215798345593","136669093","R"
"324424","4300 block of East Anderson Drive, Phoenix, Arizona, ","Match","Non_Exact","4300 E ANDERSON DR, PHOENIX, AZ, 85032","-111.989538617767,33.641709691795","128375500","R"
"289811","3640 Willow Tree Circle, Douglasville, Georgia, ","Match","Exact","3640 WILLOW TREE CIR, DOUGLASVILLE, GA, 30135","-84.668620404235,33.713870029099","16655342","R"
"2377338","9873 Lake District Ln, Orlando, Florida, ","Match","Exact","9873 LAKE DISTRICT LN, ORLANDO, FL, 32832","-81.237278645506,28.423213176812","94419028","L"
"623195","51 Winding Brook Drive, Reading (Sinking Spring), Pennsylvania, ","Match","Non_Exact","51 WINDING BROOK DR, SINKING SPRING, PA, 19608","-76.024355817239,40.330042450872","612457316","R"
"2410446","47 Hebron Ct, Elk Mills, Maryland, ","Match","Non_Exact","47 HEBRON HILL, ELK MILLS, MD, 21920","-75.838222665318,39.6604354275","187403143","R"
"2431069","2000 block of Tri City Beach Rd, Baytown, Texas, ","Match","Non_Exact","2000 TRI CITY BEACH RD, BAYTOWN, TX, 77523","-94.943256949718,29.701308772615","96612436","L"
"484333","33311 18th Ln S, Federal Way, Washington, ","Match","Exact","33311 18TH LN S, FEDERAL WAY, WA, 98003","-122.310534833366,47.302917221973","186683434","R"
"577574","2300 block of Davis Ave, Roswell, New Mexico, ","No_Match"
"221347","2555 N. Glenstone, Springfield, Missouri, ","Match","Non_Exact","2555 N GLENSTONE AVE, SPRINGFIELD, MO, 65803","-93.260953144138,37.243369818757","628985498","L"
"494378","1401 N. George Washington Hwy, Chesapeake, Virginia, ","Match","Non_Exact","1401 GEORGE WASHINGTON HWY N, CHESAPEAKE, VA, 23323","-76.330511863122,36.790467183039","655920412","R"
"868363","491 NM-111, La Madera, New Mexico, ","Match","Exact","491 STATE HWY 111, LA MADERA, NM, 87539","-106.041146878743,36.384995729066","647842157","L"
"223651","1443 E 92nd St, Cleveland, Ohio, ","Match","Exact","1443 E 92ND ST, CLEVELAND, OH, 44106","-81.623281328194,41.516796565281","61114146","L"
"733176","2241 Banks Lane East, Wilson, North Carolina, ","Match","Non_Exact","2241 BANKS LN, WILSON, NC, 27893","-77.872976919558,35.732235078167","26719558","L"
"375022","4051 Amnicola Hwy, Chattanooga, Tennessee, ","Match","Exact","4051 AMNICOLA HWY, CHATTANOOGA, TN, 37406","-85.259336634621,35.090087465036","59307252","L"
"2462457","4275 Laurel Oak Rd, Richmond, Virginia, ","Match","Exact","4275 LAUREL OAK RD, RICHMOND, VA, 23237","-77.467761020809,37.396610926939","201546391","L"
"661703","201 Cascade Mall Dr, Burlington, Washington, ","Match","Exact","201 CASCADE MALL DR, BURLINGTON, WA, 98233","-122.338583172141,48.464659891429","183674405","R"
"2770132","11511 NE 92nd St, Vancouver, Washington, ","Match","Exact","11511 NE 92ND ST, VANCOUVER, WA, 98662","-122.555086464543,45.689211217131","158324316","R"
"2943126","Nottingham Trail, Hudson, Florida, ","No_Match"
"2573436","220 N Broadnax St, Dadeville, Alabama, ","Match","Non_Exact","220 S BROADNAX ST, DADEVILLE, AL, 36853","-85.763679728845,32.829046151107","1666848","L"
"2452798","3018 Wildflower Dr, La Plata, Maryland, ","Match","Exact","3018 WILDFLOWER DR, LA PLATA, MD, 20646","-76.956248347785,38.53753468024","635832961","R"
"1025158","Tenino Dr W, Bremerton, Washington, ","No_Match"
"2586872","14360 Holly Rd, Henryetta, Oklahoma, ","No_Match"
"2452673","10145 Myers Dr, Orlando, Florida, ","Match","Exact","10145 MYERS DR, ORLANDO, FL, 32825","-81.240273268663,28.56117394414","94295885","L"
"2587288","614 Dawnlight Dr, Lake Wales, Florida, ","Match","Exact","614 DAWNLIGHT DR, LAKE WALES, FL, 33853","-81.585004616282,27.912578415914","649840831","R"
"2807879","7512 S Howell Ave, Oak Creek, Wisconsin, ","Match","Exact","7512 S HOWELL AVE, OAK CREEK, WI, 53154","-87.911099184255,42.908583304886","77753244","L"
"727759","100 block of W 105th St, Chicago (Roseland), Illinois, ","Match","Non_Exact","100 W 105TH ST, CHICAGO, IL, 60628","-87.625874787097,41.703544506563","605524840","R"
"1116705","610 Lone Star Park Ln, Ponder, Texas, ","Match","Non_Exact","610 LONESTAR PARK LN, PONDER, TX, 76259","-97.284495058856,33.178348533643","103401831","L"
"1989840","553 Hardaman Cir, Boone, North Carolina, ","Match","Exact","553 HARDAMAN CIR, BOONE, NC, 28607","-81.604690917597,36.212551127633","52034053","L"
"339229","800 block of West Calle Medina Road, Tucson, Arizona, ","No_Match"
"357164","1623 E. Hudson Street, Columbus, Ohio, ","Match","Exact","1623 E HUDSON ST, COLUMBUS, OH, 43211","-82.966327793427,40.013566262831","218655286","R"
"489581","2036 Yorkshire Ave, Santa Monica, California, ","Match","Exact","2036 YORKSHIRE AVE, SANTA MONICA, CA, 90404","-118.461327728627,34.026138975719","141568559","R"
"807618","2704 E 75th St, Chicago, Illinois, ","Match","Exact","2704 E 75TH ST, CHICAGO, IL, 60649","-87.55844726982,41.760018395632","647631707","L"
"1954379","6468 Hwy 92, Acworth, Georgia, ","Match","Exact","6468 STATE HWY 92, ACWORTH, GA, 30102","-84.580544211704,34.088498113583","68828263","R"
"1520330","1013 Central Ave, Kansas City, Kansas, ","Match","Exact","1013 CENTRAL AVE, KANSAS CITY, KS, 66102","-94.636130040005,39.101014237896","91140775","L"
"495332","1629 SW Central Park, Topeka, Kansas, ","Match","Non_Exact","1629 SW CENTRAL PARK AVE, TOPEKA, KS, 66604","-95.690241770761,39.03820065971","17889422","R"
"2575621","1459 Augusta Rd, Bowdoin, Maine, ","Match","Exact","1459 AUGUSTA RD, BOWDOIN, ME, 04287","-69.942398717449,44.039367869671","647509043","R"
"565244","Rossman Dairy Road, Moultrie, Georgia, ","No_Match"
"2769819","9700 block of Royce Dr, Dallas, Texas, ","Match","Non_Exact","9700 ROYCE DR, DALLAS, TX, 75217","-96.654966058586,32.680029711376","102962888","R"
"2808531","200 block of Davis St, Joliet, Illinois, ","Match","Non_Exact","200 DAVIS ST, JOLIET, IL, 60436","-88.086756296223,41.509974844719","111542813","R"
"484317","20 Kimlyn Circle, Akron, Ohio, ","Match","Exact","20 KIMLYN CIR, AKRON, OH, 44310","-81.477164527509,41.110538143041","61350588","R"
"1418180","5151 Medicine Valley Rd, White Swan, Washington, ","Match","Exact","5151 MEDICINE VALLEY RD, WHITE SWAN, WA, 98952","-120.820302885841,46.422578226167","184902153","R"
"1057518","22700 Fenkell Ave, Detroit, Michigan, ","Match","Non_Exact","22700 FENKELL ST, DETROIT, MI, 48223","-83.265598102362,42.400300119529","95421124","R"
"1049217","5901 Pine Island Rd, Pompano Beach (Parkland), Florida, ","Match","Non_Exact","5901 PINE ISLAND RD, POMPANO BEACH, FL, 33076","-80.266881734957,26.30484847825","648260857","L"
"2448366","900 block of N Geneva St, Aurora, Colorado, ","No_Match"
"2444683","700 Mansfield Court, Hartland, Wisconsin, ","Match","Exact","700 MANSFIELD CT, HARTLAND, WI, 53029","-88.329372158051,43.096899120725","53824733","R"
"2585718","15900 block of H St, Mojave, California, ","Match","Non_Exact","15900 H ST, MOJAVE, CA, 93501","-118.176450706383,35.053018088375","109119618","R"
"2503345","Harvest Ave and Rd 68, Goshen, California, ","Match","Non_Exact","HARVEST AVE & RD 68, VISALIA, CA, 93291","-119.421387908633,36.34629697643","",""
"743995","100 Terminal Dr, Fort Lauderdale, Florida, ","Match","Exact","100 TERMINAL DR, FORT LAUDERDALE, FL, 33315","-80.138248978195,26.070192955959","611502073","R"
"2584064","171 Walter Dr, Cleveland, Texas, ","Match","Non_Exact","171 WALTER, CLEVELAND, TX, 77328","-95.184950724875,30.36223596946","627676970","R"
"1629488","3939 W Highland Blvd, Milwaukee, Wisconsin, ","Match","Exact","3939 W HIGHLAND BLVD, MILWAUKEE, WI, 53208","-87.962393205055,43.044504673222","77734247","L"
"456893","1365 South Waterman Ave, San Bernardino, California, ","Match","Exact","1365 S WATERMAN AVE, SAN BERNARDINO, CA, 92408","-117.278661206269,34.077114953891","648355519","L"
"2318310","6161 S Yale Ave, Tulsa, Oklahoma, ","Match","Exact","6161 S YALE AVE, TULSA, OK, 74136","-95.922068736746,36.075073172486","623788131","L"
"480981","435 NE 6th Street, Paris, Texas, ","Match","Non_Exact","435 6TH ST NE, PARIS, TX, 75460","-95.550557162409,33.665602777566","63574304","L"
"1885251","Jeffrey Acres Rd, Meridian, Mississippi, ","No_Match"
"263556","100 block of West 5th St, Lansdale, Pennsylvania, ","No_Match"
"210363","5611 108th St NE, Marysville, Washington, ","Match","Exact","5611 108TH ST NE, MARYSVILLE, WA, 98271","-122.154969423771,48.092168770027","608939726","R"
"1466705","7101 Gateway Blvd, El Paso, Texas, ","Match","Non_Exact","7101 GATEWAY BLVD W, EL PASO, TX, 79925","-106.387985364411,31.776857826712","639541166","L"
"164513","35 Water Street, Saco, Maine, ","Match","Exact","35 WATER ST, SACO, ME, 04072","-70.448372458043,43.497455242126","92741555","R"
"509897","4812 West Sunnyside Ave, Glendale, Arizona, ","Match","Non_Exact","4812 W SUNNYSIDE DR, GLENDALE, AZ, 85304","-112.162687013532,33.592185650257","128913784","R"
"1908063","611 Flynns Creek Rd, Williamsburg, West Virginia, ","No_Match"
"2436826","5300 block of Sahalee Way, Raleigh, North Carolina, ","Match","Non_Exact","5300 SAHALEE WAY, RALEIGH, NC, 27604","-78.539176480833,35.810722147186","639848732","R"
"1765336","24914 Martinsville Rd, Belleville, Michigan, ","Match","Exact","24914 MARTINSVILLE RD, BELLEVILLE, MI, 48111","-83.460507040787,42.120912568488","95498991","R"
"987611","17357 Stagecoach Rd, Corning, California, ","Match","Exact","17357 STAGECOACH RD, CORNING, CA, 96021","-122.392591773629,40.019293354091","119388109","L"
"2809998","Shadow Mountain Rd and Lessing Ave, Adelanto, California, ","No_Match"
"800363","1133 E Grand Ave, Rothschild, Wisconsin, ","Match","Exact","1133 E GRAND AVE, ROTHSCHILD, WI, 54474","-89.612118512988,44.898064734231","117160222","R"
"412040","20980 Channel Drive, Excelsior, Minnesota, ","Match","Exact","20980 CHANNEL DR, EXCELSIOR, MN, 55331","-93.545208693863,44.907982771164","43820261","L"
"1910136","3540 Adams St, Indianapolis, Indiana, ","Match","Exact","3540 ADAMS ST, INDIANAPOLIS, IN, 46218","-86.108458059966,39.820743724567","107998344","L"
"2310278","715 Old Carrizo Rd, Uvalde, Texas, ","Match","Exact","715 OLD CARRIZO RD, UVALDE, TX, 78801","-99.788021511187,29.200171698962","183445296","L"
"768243","11th Street, Yazoo City, Mississippi, ","No_Match"
"1096826","3571 Murfreesboro Pike, Antioch, Tennessee, ","Match","Exact","3571 MURFREESBORO PIKE, ANTIOCH, TN, 37013","-86.615759299076,36.051389560701","97229347","R"
"2555459","33 Burton Hills Blvd, Nashville, Tennessee, ","Match","Exact","33 BURTON HILLS BLVD, NASHVILLE, TN, 37215","-86.821934189778,36.092929566439","97208316","L"
"2147301","4258 Everett St, Tacoma, Washington, ","Match","Exact","4258 EVERETT ST, TACOMA, WA, 98404","-122.399428710277,47.218503359876","645905824","R"
"1046961","413 Mill St, Paintsville, Kentucky, ","Match","Exact","413 MILL ST, PAINTSVILLE, KY, 41240","-82.81022018766,37.815636032824","655669739","L"
"2965394","417 Kitty Hawk Rd, Alameda, California, ","Match","Exact","417 KITTY HAWK RD, ALAMEDA, CA, 94501","-122.260114061482,37.759912705019","125005168","L"
"3005280","76 Wyoming Ct, Syosset, New York, ","Match","Exact","76 WYOMING CT, SYOSSET, NY, 11791","-73.492965656053,40.826913448324","147640326","R"
"1599331","93 Eastmoor Dr, Grantsville, Utah, ","Match","Non_Exact","93 EASTMOOR, GRANTSVILLE, UT, 84029","-112.431040218041,40.597898913745","155389246","L"
"2545871","8400 block of 8th Ave S, Birmingham, Alabama, ","No_Match"
"2439423","5297 Mansfield Ct, Woodbridge, Virginia, ","Match","Exact","5297 MANSFIELD CT, WOODBRIDGE, VA, 22193","-77.366777760388,38.652088438102","76508124","L"
"1310397","319 Williamson St, Rockmart, Georgia, ","No_Match"
"2501869","3719 Mack Ct, Cleveland, Ohio, ","Match","Exact","3719 MACK CT, CLEVELAND, OH, 44109","-81.709226635544,41.453427242804","61115474","L"
"204254","1846 Western Ave, Guilderland, New York, ","No_Match"
"1917909","903 Indiana St, Muskogee, Oklahoma, ","Match","Exact","903 INDIANA ST, MUSKOGEE, OK, 74403","-95.347866039494,35.732366038731","91955117","L"
"1038429","123 S 3rd St, Reading, Pennsylvania, ","Match","Exact","123 S 3RD ST, READING, PA, 19602","-75.931793811588,40.333103748283","80381727","L"
"1550546","2152 Flintridge Dr, San Diego, California, ","Match","Exact","2152 FLINTRIDGE DR, SAN DIEGO, CA, 92139","-117.069047717849,32.677786156173","195353618","R"
"604762","9611 Airline Hwy, Baton Rouge, Louisiana, ","Match","Exact","9611 AIRLINE HWY, BATON ROUGE, LA, 70815","-91.082122932761,30.433904964062","639283861","L"
"2125444","Co Rd 60, Athens, Tennessee, ","No_Match"
"2108302","N Socrum Loop Rd and Fulton Green Rd, Lakeland, Florida, ","Match","Exact","N SOCRUM LOOP RD & FULTON GREEN RD, LAKELAND, FL, 33809","-81.956444737127,28.140987768452","",""
"3170672","3181 W Hallandale Beach Blvd, Hallandale (Hallandale Beach), Florida, ","Match","Non_Exact","3181 W HALLANDALE BEACH BLVD, HALLANDALE BEACH, FL, 33009","-80.173431870584,25.98485184885","114735767","R"
"634819","17160 Jim Platt Road, Citronelle, Alabama, ","Match","Exact","17160 JIM PLATT RD, CITRONELLE, AL, 36522","-88.306956243844,31.048963891071","61902977","R"
"374630","7050 Old State Rd, Holly Hill, South Carolina, ","Match","Exact","7050 OLD STATE RD, HOLLY HILL, SC, 29059","-80.449709694307,33.347489707566","605541939","L"
"2497502","2734 Mossy Meadow Dr, High Point, North Carolina, ","Match","Exact","2734 MOSSY MEADOW DR, HIGH POINT, NC, 27265","-79.976527269867,36.009719093255","619933337","R"
"1640295","842 Moncure Flatwood Rd, Moncure, North Carolina, ","Match","Exact","842 MONCURE FLATWOOD RD, MONCURE, NC, 27559","-79.016967656803,35.587953568114","636573572","R"
"480605","703 NW 0149, Rice, Texas, ","Match","Exact","703 NW 0149, RICE, TX, 75155","-96.483812704756,32.199550423681","627181419","L"
"2972255","1073 Greentree Dr, West Blocton, Alabama, ","Match","Exact","1073 GREENTREE DR, WEST BLOCTON, AL, 35184","-87.041081767796,33.210519392804","648450346","L"
"2243861","2041 Wyda Way, Sacramento, California, ","Match","Exact","2041 WYDA WAY, SACRAMENTO, CA, 95825","-121.418834952892,38.600028973728","629159335","L"
"1749873","537 Willow Park Rd, Elyria, Ohio, ","Match","Exact","537 WILLOW PARK RD, ELYRIA, OH, 44035","-82.114270581386,41.383760253982","55408819","R"
"1521226","135 Centre Ave, Abington, Massachusetts, ","Match","Exact","135 CENTRE AVE, ABINGTON, MA, 02351","-70.938536136342,42.106995591605","87458427","R"
"1461352","16964 54th Ave, Chippewa Falls, Wisconsin, ","Match","Exact","16964 54TH AVE, CHIPPEWA FALLS, WI, 54729","-91.328161075131,44.91998028099","78933676","L"
"1958652","3600 Table Mesa Dr, Boulder, Colorado, ","Match","Exact","3600 TABLE MESA DR, BOULDER, CO, 80305","-105.252618836721,39.983794375644","188209489","R"
"2568184","333 E Main St, Louisville, Kentucky, ","Match","Exact","333 E MAIN ST, LOUISVILLE, KY, 40202","-85.747188455204,38.255653829346","96844822","L"
"2531925","123 block of Melanie Loop, Daphne, Alabama, ","Match","Non_Exact","123 MELANIE LOOP, DAPHNE, AL, 36526","-87.869201427778,30.646777272924","131656239","R"
"1119336","12 Dickenson Dr, Sandy Hook, Connecticut, ","Match","Exact","12 DICKENSON DR, SANDY HOOK, CT, 06482","-73.277830635804,41.41990629189","3235354","L"
"2507836","122 W Garvey Ave, Monterey Park, California, ","Match","Exact","122 W GARVEY AVE, MONTEREY PARK, CA, 91754","-118.126165858106,34.062464858397","141637109","L"
"676663","2918 Rimpau Blvd, Los Angeles, California, ","Match","Non_Exact","2918 S RIMPAU BLVD, LOS ANGELES, CA, 90016","-118.35088577707,34.027538092702","141601289","L"
"479747","US 70 and Renegade Mountain Pkwy, Crab Orchard, Tennessee, ","Match","Non_Exact","US HWY 70 E & RENEGADE MOUNTAIN PKWY, CRAB ORCHARD, TN, 37723","-84.83776936165,35.88654341664","",""
"341622","4671 S Jack Kultgen Fwy, Waco, Texas, ","No_Match"
"2738185","24 Mollison Way, Lewiston, Maine, ","Match","Exact","24 MOLLISON WAY, LEWISTON, ME, 04240","-70.200073555176,44.124289815415","77975030","L"
"211348","1410 Old Dover Road, Cadiz, Kentucky, ","Match","Exact","1410 OLD DOVER RD, CADIZ, KY, 42211","-87.852362633471,36.830092158008","11936893","R"
"108649","300 W 1st St, Alturas, California, ","Match","Exact","300 W 1ST ST, ALTURAS, CA, 96101","-120.544987560923,41.483805903532","127092202","R"
"546022","3162 Johnson Drive, Appling, Georgia, ","Match","Exact","3162 JOHNSON DR, APPLING, GA, 30802","-82.224416796774,33.598743957189","55387638","L"
"2198521","56 Broadway, Denver, Colorado, ","Match","Exact","56 BROADWAY, DENVER, CO, 80203","-104.987430907875,39.717404288167","177330871","R"
"1151584","888 Bestgate Rd, Annapolis, Maryland, ","Match","Exact","888 BESTGATE RD, ANNAPOLIS, MD, 21401","-76.540490364622,38.993523027433","635580757","R"
"2313970","10711 185th Ave, Stanwood, Michigan, ","Match","Exact","10711 185TH AVE, STANWOOD, MI, 49346","-85.453317079564,43.622948855718","110529087","L"
"2807241","7850 Edgewater Dr, Oakland, California, ","Match","Exact","7850 EDGEWATER DR, OAKLAND, CA, 94621","-122.202884975141,37.741418363068","606190699","R"
"2432893","1200 block of Jessamine St, Fort Worth, Texas, ","Tie"
"2822517","1151 S Church Ave, Reedley, California, ","Match","Exact","1151 S CHURCH AVE, REEDLEY, CA, 93654","-119.453296252503,36.587407932952","197593970","R"
"2227058","2919 W 2nd Ave, Corsicana, Texas, ","Match","Exact","2919 W 2ND AVE, CORSICANA, TX, 75110","-96.495800606464,32.083273550252","183884103","R"
"779582","Butts Road, Toomsuba, Mississippi, ","No_Match"
"2805505","14300 E Alameda Ave, Aurora, Colorado, ","Match","Exact","14300 E ALAMEDA AVE, AURORA, CO, 80012","-104.82466514431,39.711095277778","631013439","R"
"3005100","1800 Pleasant Grove Dr NE, Dalton, Georgia, ","Match","Exact","1800 PLEASANT GROVE DR NE, DALTON, GA, 30721","-84.939655758088,34.829375654297","57364842","L"
"512073","300 block of Horseshoe Rd, Belfair, Washington, ","No_Match"
"577157","1912 S Orange Ave, Orlando, Florida, ","Match","Exact","1912 S ORANGE AVE, ORLANDO, FL, 32806","-81.37643351511,28.520082701308","94282736","R"
"359830","110 Calhoun Street, Charleston, South Carolina, ","Match","Exact","110 CALHOUN ST, CHARLESTON, SC, 29401","-79.932699153241,32.787453097967","108807672","R"
"1018118","635 Wall St, Long Branch, New Jersey, ","Match","Exact","635 WALL ST, LONG BRANCH, NJ, 07740","-74.001660799409,40.292985485013","90461536","R"
"1241819","5898 Wilkins Ave, Pittsburgh, Pennsylvania, ","Match","Exact","5898 WILKINS AVE, PITTSBURGH, PA, 15217","-79.922239239987,40.443848256361","51650103","R"
"1441721","1921 Chambers Rd, Saint Louis, Missouri, ","Match","Exact","1921 CHAMBERS RD, SAINT LOUIS, MO, 63136","-90.264187316015,38.749388135607","100149117","L"
"448419","800 block of An County Rd 2217, Tennessee Colony, Texas, ","Match","Non_Exact","800 CO RD 2217, TENNESSEE COLONY, TX, 75861","-95.799413710466,31.811027178619","74682419","L"
"486142","2634 E Main Cross St, Columbus, Indiana, ","Match","Exact","2634 E MAIN CROSS ST, COLUMBUS, IN, 47201","-85.893493800607,39.114685942442","30975080","R"
"2609761","Alma School Rd and Main St, Mesa, Arizona, ","Match","Non_Exact","S ALMA SCHOOL RD & W MAIN ST, MESA, AZ, 85210","-111.856619526379,33.414915876195","",""
"2015730","101 W Younger Ave, San Jose, California, ","Match","Exact","101 W YOUNGER AVE, SAN JOSE, CA, 95110","-121.905979774221,37.354705465019","122906954","R"
"1978635","8951 Mirabel Rd, Indianapolis, Indiana, ","No_Match"
"2439284","US-75 and Catalpa Rd, Henryetta, Oklahoma, ","No_Match"
"493109","1107 Randolph St, Jacksonville, Florida, ","Match","Exact","1107 RANDOLPH ST, JACKSONVILLE, FL, 32205","-81.729704685783,30.306554407138","83985827","L"
"156670","711 Leaflet Ln, Spring, Texas, ","Match","Exact","711 LEAFLET LN, SPRING, TX, 77388","-95.442063867888,30.041066794724","96009109","R"
"668279","S 17250 East Rd, Pembroke Township, Illinois, ","No_Match"
"2544817","3626 Villaverde Ave, Dallas, Texas, ","Match","Exact","3626 VILLAVERDE AVE, DALLAS, TX, 75234","-96.857714527347,32.911135969159","103208095","R"
"286810","113 Woodstream Trl, Lagrange, Georgia, ","Match","Exact","113 WOODSTREAM TRL, LAGRANGE, GA, 30240","-85.143657727704,32.978520099182","618698526","L"
"980577","216 4th St, Sutherland Springs, Texas, ","Match","Exact","216 4TH ST, SUTHERLAND SPRINGS, TX, 78161","-98.056839975098,29.273154987041","54894400","R"
"353854","Boulder Creek Road, Deer Lodge, Montana, ","No_Match"
"2822404","58 Lewis Ave, Lansdowne (East Lansdowne), Pennsylvania, ","Match","Non_Exact","58 LEWIS AVE, EAST LANSDOWNE, PA, 19050","-75.259220283429,39.942177978435","134878513","L"
"2764540","836 W 110th St, Los Angeles, California, ","Match","Exact","836 W 110TH ST, LOS ANGELES, CA, 90044","-118.290233232318,33.935526863827","141661554","L"
"651957","8330 Linden Rd, Del Valle, Texas, ","Match","Exact","8330 LINDEN RD, DEL VALLE, TX, 78617","-97.587425533863,30.135273524812","63953222","R"
"3030531","2012 Magnolia Ave, Birmingham, Alabama, ","Match","Exact","2012 MAGNOLIA AVE, BIRMINGHAM, AL, 35205","-86.796147629089,33.500848652514","81576746","L"
"492001","4601 SE 79th St, Oklahoma City, Oklahoma, ","Match","Exact","4601 SE 79TH ST, OKLAHOMA CITY, OK, 73135","-97.436389608525,35.386575110927","646819471","L"
"2739575","10310 Garland Hwy, Clinton, North Carolina, ","Match","Exact","10310 GARLAND HWY, CLINTON, NC, 28328","-78.343156578536,34.865242790218","635998435","L"
"1328562","1214 Foxhill Dr, Clinton, Mississippi, ","Match","Exact","1214 FOXHILL DR, CLINTON, MS, 39056","-90.320821197385,32.351503149887","65362612","R"
"2464943","2372 N 2760 Rd, Hennessey, Oklahoma, ","Match","Non_Exact","2372 N2760 RD, HENNESSEY, OK, 73742","-98.086756954671,36.138679018238","121912258","L"
"2348384","Central Ave and 2nd St, Highland Park, Illinois, ","Match","Exact","CENTRAL AVE & SECOND ST, HIGHLAND PARK, IL, 60035","-87.800857668837,42.185116103605","",""
"1320286","E Sunny Dunes Rd and El Placer Rd, Palm Springs, California, ","Match","Non_Exact","SUNNY DUNES RD & EL PLACER RD, PALM SPRINGS, CA, 92264","-116.506257130533,33.812275074415","",""
"592207","6100 block of West Lake Mead Boulevard, Las Vegas, Nevada, ","Match","Non_Exact","6100 W LAKE MEAD BLVD, LAS VEGAS, NV, 89108","-115.223954148707,36.195793015274","201859802","R"
"1287286","150 Whetstone Dr, Saint Charles, Missouri, ","Match","Exact","150 WHETSTONE DR, SAINT CHARLES, MO, 63303","-90.56377130032,38.781290558861","100054566","R"
"1739917","9122 Dexter Ave, Detroit, Michigan, ","Match","Exact","9122 DEXTER AVE, DETROIT, MI, 48206","-83.117230083466,42.369684317462","95471558","R"
"1539347","114 Lucille Way, Orinda, California, ","Match","Exact","114 LUCILLE WAY, ORINDA, CA, 94563","-122.184308710095,37.872414975511","627229783","R"
"2283535","715 E 12th St, Duluth, Minnesota, ","Match","Exact","715 E 12TH ST, DULUTH, MN, 55805","-92.102410243944,46.801891694147","163211664","L"
"3066278","6009 Tacony St, Duluth, Minnesota, ","Match","Exact","6009 TACONY ST, DULUTH, MN, 55807","-92.17347964156,46.745730101441","163209846","R"
"2844405","215 N 2nd St, King City, California, ","Match","Exact","215 N 2ND ST, KING CITY, CA, 93930","-121.125887773706,36.214610759468","196807378","L"
"1969221","1517 Pine Bluff Dr, Allen, Texas, ","Match","Exact","1517 PINE BLUFF DR, ALLEN, TX, 75002","-96.631198788801,33.091765057838","123569105","L"
"298122","18279 Highway H, Tyrone, Missouri, ","No_Match"
"2709153","512 Concord Ave, Romeoville, Illinois, ","Match","Exact","512 CONCORD AVE, ROMEOVILLE, IL, 60446","-88.083318345928,41.648199905084","111536179","L"
"1258804","5100 block of Malcolm St, Philadelphia, Pennsylvania, ","Match","Non_Exact","5100 MALCOLM ST, PHILADELPHIA, PA, 19143","-75.225242500568,39.947661976644","131399489","L"
"192851","2550 NW 29th Terrace, Bell, Florida, ","Match","Exact","2550 NW 29TH TER, BELL, FL, 32619","-82.857613619447,29.775109259104","605729433","R"
"491265","1485 W 46th St, Hialeah, Florida, ","Match","Exact","1485 W 46TH ST, HIALEAH, FL, 33012","-80.312505362715,25.863964016294","647793068","R"
"2626402","246 Pine St, Sequatchie, Tennessee, ","Match","Exact","246 PINE ST, SEQUATCHIE, TN, 37374","-85.599409827395,35.115984128688","58401100","L"
"492914","2007 Callison Hwy, Greenwood, South Carolina, ","Match","Exact","2007 CALLISON HWY, GREENWOOD, SC, 29646","-82.139046321279,34.080029172906","50809595","R"
"1457165","21901 Roscoe Boulevard, Canoga Park, California, ","Match","Exact","21901 ROSCOE BLVD, CANOGA PARK, CA, 91304","-118.604466925423,34.219738499681","141533126","R"
"1173476","603 East Ave J, Robstown, Texas, ","Match","Exact","603 E AVE J, ROBSTOWN, TX, 78380","-97.659076573063,27.798811630336","605822949","L"
"1309114","1901 US 27 S, Sebring, Florida, ","Match","Exact","1901 US HWY 27 S, SEBRING, FL, 33870","-81.458811401175,27.470979117163","4649332","L"
"2605383","380 Clinch Valley Rd, Luttrell, Tennessee, ","Match","Exact","380 CLINCH VALLEY RD, LUTTRELL, TN, 37779","-83.723506389957,36.225659723734","42745604","R"
"480366","1336 Isaac Hull Ave, Washington Navy Yard, District of Columbia, ","No_Match"
"2807354","5828 Roosevelt Way NE, Seattle, Washington, ","Match","Exact","5828 ROOSEVELT WAY NE, SEATTLE, WA, 98105","-122.317280007708,47.671163829096","186585277","R"
"2285267","646 Northcutt Rd, Mountain View, Arkansas, ","Match","Exact","646 NORTHCUTT RD, MOUNTAIN VIEW, AR, 72560","-91.934942019041,35.757762614631","2243083","R"
"1971410","4456 Marshall Rd, Rock Hill, South Carolina, ","Match","Exact","4456 MARSHALL RD, ROCK HILL, SC, 29730","-81.057182569457,34.849921773329","19821378","L"
"545525","4077 Union Hill Rd, Piketon, Ohio, ","Match","Non_Exact","4077 UNION RD, PIKETON, OH, 45661","-83.239540120382,39.010011976316","55065032","R"
"2323642","1628 Maple Ave, Portsmouth, Virginia, ","Match","Exact","1628 MAPLE AVE, PORTSMOUTH, VA, 23704","-76.310731316824,36.826526335965","122194850","R"
"2178487","745 N Oxford Rd, Oxford, Michigan, ","No_Match"
"1966181","202 West Lincoln Ave, Orange, California, ","Match","Exact","202 W LINCOLN AVE, ORANGE, CA, 92865","-117.853407394304,33.835418712423","640200337","L"
"1725081","6100 block of S Carpenter St, Chicago, Illinois, ","Match","Non_Exact","6100 S CARPENTER ST, CHICAGO, IL, 60621","-87.651024645717,41.783234810192","605487415","R"
"2807473","7430 173rd Pl, Tinley Park, Illinois, ","Match","Exact","7430 173RD PL, TINLEY PARK, IL, 60477","-87.800078890212,41.5757361581","111702257","R"
"1410442","2405 Courthouse Drive, Virginia Beach, Virginia, ","Match","Exact","2405 COURTHOUSE DR, VIRGINIA BEACH, VA, 23456","-76.056838409789,36.751207200571","122297947","L"
"2945819","920 W 4th St, Fordyce, Arkansas, ","Match","Exact","920 W 4TH ST, FORDYCE, AR, 71742","-92.420873797105,33.812530480438","2397016","R"
"1963598","1601 Middleborough Rd, Essex, Maryland, ","Match","Exact","1601 MIDDLEBOROUGH RD, ESSEX, MD, 21221","-76.441618493292,39.305823364595","191509956","R"
"108691","3200 block of S Parker Ave, Indianapolis, Indiana, ","Match","Non_Exact","3200 S PARKER AVE, INDIANAPOLIS, IN, 46237","-86.113688464046,39.719526457045","108008671","R"
"97365","37 N 630 West, Spanish Fork, Utah, ","Match","Exact","37 N 630 W, SPANISH FORK, UT, 84660","-111.665176392359,40.110815049059","134316748","L"
"2301751","1275 Jefferson Ave, Buffalo, New York, ","Match","Exact","1275 JEFFERSON AVE, BUFFALO, NY, 14208","-78.853895214508,42.909676745528","48290072","R"
"485811","East Street, Manchester, Illinois, ","No_Match"
"2800844","17006 Cory Cornel Ln, Richmond, Texas, ","Match","Exact","17006 CORY CORNEL LN, RICHMOND, TX, 77407","-95.681839821537,29.673051523173","648705789","R"
"2551678","190 Whitetail Cir, Sumter, South Carolina, ","No_Match"
"491253","743 Locust Avenue, Clarksburg, West Virginia, ","Match","Exact","743 LOCUST AVE, CLARKSBURG, WV, 26301","-80.348302389704,39.283137309474","53312416","L"
"2495648","4923 N Albert Dr, Cedar City (Enoch), Utah, ","Match","Non_Exact","4923 ALBERT DR, CEDAR CITY, UT, 84721","-113.015993768999,37.767792153362","627766796","L"
"2035452","6221 S Morgan St, Chicago, Illinois, ","Match","Exact","6221 S MORGAN ST, CHICAGO, IL, 60621","-87.649604839607,41.781182959385","605567751","L"
"1876727","1384 Cemetery Hill Dr, Elkview, West Virginia, ","Match","Exact","1384 CEMETERY HILL DR, ELKVIEW, WV, 25071","-81.483139076646,38.433524136745","655615427","L"
"2949852","370 Casa Norte Dr, North Las Vegas, Nevada, ","Match","Exact","370 CASA NORTE DR, NORTH LAS VEGAS, NV, 89031","-115.145918212574,36.248146285814","201930648","R"
"2590046","820 W Stacy Rd, Allen, Texas, ","Match","Exact","820 W STACY RD, ALLEN, TX, 75013","-96.660980694364,33.130008922056","642475126","L"
"1037529","1301 Indian Creek Valley Rd, Melcroft, Pennsylvania, ","Match","Exact","1301 INDIAN CREEK VALLEY RD, MELCROFT, PA, 15462","-79.386865611445,40.052552739333","613504946","L"
"957562","15497 SR 93, Pedro, Ohio, ","Match","Exact","15497 STATE RTE 93, PEDRO, OH, 45659","-82.641800846615,38.707327396753","55030978","L"
"2683213","7405 NW 5th Terrace, Oklahoma City, Oklahoma, ","Match","Exact","7405 NW 5TH TER, OKLAHOMA CITY, OK, 73127","-97.642021210554,35.473407106041","100389851","R"
"1999125","2828 Preakness Way, Colorado Springs, Colorado, ","Match","Exact","2828 PREAKNESS WAY, COLORADO SPRINGS, CO, 80916","-104.73240017183,38.791415831963","105524304","R"
"1712342","1800 block of Beatties Ford Rd, Charlotte, North Carolina, ","Match","Non_Exact","1800 BEATTIES FORD RD, CHARLOTTE, NC, 28216","-80.855150187175,35.260028158737","70477265","R"
"1512486","3616 East 144th St, Cleveland, Ohio, ","Match","Exact","3616 E 144TH ST, CLEVELAND, OH, 44120","-81.581409881364,41.461095974174","61127126","R"
"1728683","Harrison St and Carroll St, Paterson, New Jersey, ","Match","Exact","HARRISON ST & CARROLL ST, PATERSON, NJ, 07501","-74.161555488819,40.922847708055","",""
"813821","3829 Mount Pleasant St, Houston, Texas, ","Match","Exact","3829 MOUNT PLEASANT ST, HOUSTON, TX, 77021","-95.366725642831,29.68574835447","96088286","L"
"3012631","711 Desplaines Ave, Forest Park, Illinois, ","Match","Exact","711 DES PLAINES AVE, FOREST PARK, IL, 60130","-87.815332277623,41.874045906196","618887709","R"
"1138324","4932 Eaglesmere Dr, Orlando, Florida, ","Match","Exact","4932 EAGLESMERE DR, ORLANDO, FL, 32819","-81.462799944309,28.489555430778","606123548","L"
"479363","2806 Long Lane, Albuquerque, New Mexico, ","Match","Non_Exact","2806 LONG LN SW, ALBUQUERQUE, NM, 87105","-106.716436771986,34.977261567152","206767715","R"
"1160253","2709 Ferris Rd, Wilmington, Delaware, ","No_Match"
"933957","4700 block of S Fairfield Ave, Chicago, Illinois, ","Match","Non_Exact","4700 S FAIRFIELD AVE, CHICAGO, IL, 60632","-87.693040119668,41.807858071124","604984436","R"
"597756","800 Main St, Dallas, Texas, ","Match","Exact","800 MAIN ST, DALLAS, TX, 75202","-96.805102343197,32.77932955965","102910047","R"
"2690239","13305 Carnation Ave NW, Hartville, Ohio, ","Match","Exact","13305 CARNATION AVE NW, HARTVILLE, OH, 44632","-81.361517619931,40.980747785416","64691099","L"
"2831391","828 Center Street N, Birmingham, Alabama, ","Match","Exact","828 CENTER ST N, BIRMINGHAM, AL, 35204","-86.836269337361,33.514844515223","81722906","L"
"2379020","503 Elm St, Laurel, Nebraska, ","Match","Exact","503 ELM ST, LAUREL, NE, 68745","-97.091091918364,42.426002649844","172881284","R"
"930569","1712 West Spring Creek Parkway, Plano, Texas, ","Match","Exact","1712 W SPRING CREEK PKWY, PLANO, TX, 75023","-96.726216651933,33.056030436831","123565966","L"
"2930352","309 Stallings St, Terrell, Texas, ","Match","Exact","309 STALLINGS ST, TERRELL, TX, 75160","-96.269852682226,32.729896347273","123736772","L"
"1952161","300 block of N Randolph St, Indianapolis, Indiana, ","Match","Non_Exact","300 N RANDOLPH ST, INDIANAPOLIS, IN, 46201","-86.128399928836,39.770545737534","107993546","L"
"2361614","2331 Bammelwood Dr, Houston, Texas, ","No_Match"
"168844","14458 Rixeyville Rd, Culpeper, Virginia, ","Match","Exact","14458 RIXEYVILLE RD, CULPEPER, VA, 22701","-77.991127766125,38.500434394601","641531059","L"
"478948","6000 block of South Owasso, Tulsa, Oklahoma, ","No_Match"
"2115947","7th St W and N Walnut St, Saint Paul, Minnesota, ","Match","Exact","7TH ST W & N WALNUT ST, SAINT PAUL, MN, 55102","-93.105181299471,44.942536000681","",""
"1327321","641 Archer Ave, Aurora, Illinois, ","Match","Exact","641 ARCHER AVE, AURORA, IL, 60506","-88.331535864898,41.754703993967","119514787","L"
"1697453","522 Talucah Rd, Valhermoso Springs, Alabama, ","Match","Exact","522 TALUCAH RD, VALHERMOSO SPRINGS, AL, 35775","-86.676587256187,34.524480569208","97143989","L"
"920513","10400 block of Balmoral Dr, Saint Louis, Missouri, ","Match","Non_Exact","10400 BALMORAL DR, SAINT LOUIS, MO, 63137","-90.200885890944,38.753888430347","100151421","R"
"2629211","525 W Cameron Ave, Kellogg, Idaho, ","Match","Exact","525 W CAMERON AVE, KELLOGG, ID, 83837","-116.126999074899,47.543458986051","203520216","L"
"2536665","4075 Alan Shepard Ave, Cocoa, Florida, ","Match","Non_Exact","4075 SW ALAN SHEPARD AVE, COCOA, FL, 32926","-80.796342757814,28.417929050919","93914187","L"
"1394330","4047 Shreve Ave, Saint Louis, Missouri, ","Match","Exact","4047 SHREVE AVE, SAINT LOUIS, MO, 63115","-90.243466987288,38.677053709663","107595548","L"
"2434247","280 Bobo Dr, Inman, South Carolina, ","Match","Exact","280 BOBO DR, INMAN, SC, 29349","-82.074392250913,35.016956852196","19502885","R"
"2826477","6000 block of Bear Ave, Huntington Park, California, ","Match","Non_Exact","6000 BEAR AVE, HUNTINGTON PARK, CA, 90255","-118.195694113956,33.986280655336","142662831","L"
"3014703","940 Haymon Morris Rd, Winder, Georgia, ","No_Match"
"2379499","7120 Hardwicke Pl, Dayton, Ohio, ","Match","Exact","7120 HARDWICKE PL, DAYTON, OH, 45414","-84.216126389451,39.849777326056","143564128","R"
"1788352","45125 CA-371, Aguanga, California, ","Match","Exact","45125 STATE RTE 371, AGUANGA, CA, 92536","-116.859119424529,33.455139024101","194804707","R"
"1640317","2885 E Chestnut Expressway, Springfield, Missouri, ","Match","Exact","2885 E CHESTNUT EXPY, SPRINGFIELD, MO, 65802","-93.236464224803,37.210070265249","628984604","L"
"144524","17372 Phlox Drive, Fort Myers, Florida, ","Match","Exact","17372 PHLOX DR, FORT MYERS, FL, 33967","-81.821297458232,26.484363851771","117978382","L"
"1118785","16000 Hwy 6, Santa Fe, Texas, ","No_Match"
"2426627","901 S Monroe St, Mc Gregor, Texas, ","Match","Non_Exact","901 S MONROE AVE, MCGREGOR, TX, 76657","-97.405466717829,31.433435204916","146758037","L"
"1606476","107 Kinshaw Ct, Vanceboro, North Carolina, ","Match","Non_Exact","107 KINSAW CT, VANCEBORO, NC, 28586","-77.110130131985,35.232682459993","642404800","L"
"2758871","3636 Field Lark Dr, Memphis, Tennessee, ","Match","Non_Exact","3636 FIELDLARK DR, MEMPHIS, TN, 38109","-90.102305756344,35.04817525989","72906340","L"
"2653609","92 Dogwood Lakes Dr, Hampton, Georgia, ","Match","Exact","92 DOGWOOD LAKES DR, HAMPTON, GA, 30228","-84.265895728722,33.387230164256","23200011","R"
"1503192","1028 Lura Pl SW, Albuquerque, New Mexico, ","Match","Exact","1028 LURA PL SW, ALBUQUERQUE, NM, 87105","-106.68423360317,35.064213760442","640600190","L"
"1492441","8250 TX 191, Odessa, Texas, ","Match","Non_Exact","8250 HWY 191 E, ODESSA, TX, 79765","-102.289688011907,31.921441392077","635380671","R"
"2201716","1200 block of Lewis Ave, Gulfport, Mississippi, ","Match","Non_Exact","1200 LEWIS AVE, GULFPORT, MS, 39501","-89.12876503645,30.361468220659","111377153","R"
"2967889","3427 27th St N, Birmingham, Alabama, ","Match","Exact","3427 27TH ST N, BIRMINGHAM, AL, 35207","-86.818180432473,33.556320411273","81728123","R"
"492325","4579 N 17th Ave, Phoenix, Arizona, ","Match","Exact","4579 N 17TH AVE, PHOENIX, AZ, 85015","-112.09556826108,33.503812359678","128588580","R"
"1324279","3628 FM 3126, Livingston, Texas, ","Match","Exact","3628 FM 3126, LIVINGSTON, TX, 77351","-95.055808787774,30.724282909747","647689216","L"
"1428047","519  West Taylor St, Santa Maria, California, ","Match","Exact","519 W TAYLOR ST, SANTA MARIA, CA, 93458","-120.440519665007,34.975076213722","108631934","L"
"2068568","16241 TX-110, Jacksonville, Texas, ","No_Match"
"1429810","568 Habbitts Court, San Jose, California, ","Match","Exact","568 HABBITTS CT, SAN JOSE, CA, 95111","-121.842131107542,37.301069740958","122914507","R"
"518436","3000 block of South 36th Street, Kansas City, Kansas, ","Match","Non_Exact","3000 S 36TH ST, KANSAS CITY, KS, 66106","-94.669951312462,39.047529343362","91139608","R"
"423223","1140 Umpqua College Rd, Roseburg, Oregon, ","Match","Exact","1140 UMPQUA COLLEGE RD, ROSEBURG, OR, 97470","-123.333905174649,43.289360955899","614005729","L"
"946496","3950 Las Vegas Blvd S, Las Vegas, Nevada, ","Match","Exact","3950 LAS VEGAS BLVD S, LAS VEGAS, NV, 89119","-115.17295369146,36.093410381147","201870511","R"
"1703044","1101 Richwood Road 2, Monroe, Louisiana, ","Match","Exact","1101 RICHWOOD ROAD 2, MONROE, LA, 71202","-92.096700832839,32.437590431867","655337524","L"
"590221","4100 block of Buena Vista Road, Edgerton, Missouri, ","Match","Non_Exact","4100 BUENA VISTA RD, EDGERTON, MO, 64444","-94.626117988184,39.492264883638","652525223","R"
"2463465","3430 N Academy Blvd, Colorado Springs, Colorado, ","Match","Exact","3430 N ACADEMY BLVD, COLORADO SPRINGS, CO, 80917","-104.757160422873,38.880141469169","610711137","L"
"1249561","99 Rolling Oaks Dr, Thousand Oaks, California, ","Match","Exact","99 ROLLING OAKS DR, THOUSAND OAKS, CA, 91361","-118.870036791893,34.174336825553","110048304","R"
"2465761","1521 Sam's Circle, Chesapeake, Virginia, ","Match","Exact","1521 SAM'S CIR, CHESAPEAKE, VA, 23320","-76.251611253647,36.771939148665","644721371","R"
"312119","3100 block of N Harding St, Indianapolis, Indiana, ","Match","Non_Exact","3100 N HARDING ST, INDIANAPOLIS, IN, 46208","-86.187165966476,39.811072335147","107986325","L"
"3136711","239 E Shoshone Ave, Byron, Wyoming, ","Match","Exact","239 E SHOSHONE AVE, BYRON, WY, 82412","-108.501295149835,44.794550181082","180505991","L"
"276459","Laguna St and Page St, San Francisco, California, ","Match","Exact","LAGUNA ST & PAGE ST, SAN FRANCISCO, CA, 94102","-122.425699784008,37.773670056359","",""
"2807948","2322 Chestnut Ave, Minneapolis, Minnesota, ","Match","Non_Exact","2322 CHESTNUT AVE W, MINNEAPOLIS, MN, 55405","-93.314844833631,44.977216305883","43623229","R"
"418318","36705 379th Street, Geddes, South Dakota, ","No_Match"
"2218159","2505 N 21st St, Milwaukee, Wisconsin, ","Match","Exact","2505 N 21ST ST, MILWAUKEE, WI, 53206","-87.938859396365,43.064274398673","77738487","L"
"1866100","335 N Valley Way, Palmer, Alaska, ","Match","Exact","335 N VALLEY WAY, PALMER, AK, 99645","-149.108458376254,61.609601493644","611824394","L"
"1233663","1075 Carters Creek Pike, Columbia, Tennessee, ","Match","Exact","1075 CARTERS CREEK PIKE, COLUMBIA, TN, 38401","-87.01142151021,35.729459386022","638682076","L"
"2447217","425 S Hickory Ave, Broken Arrow, Oklahoma, ","Match","Exact","425 S HICKORY AVE, BROKEN ARROW, OK, 74012","-95.802238222836,36.048091888363","166458511","L"
"2893900","5525 Galway Dr, Charlotte, North Carolina, ","Match","Exact","5525 GALWAY DR, CHARLOTTE, NC, 28215","-80.756045321043,35.24347999517","70482036","L"
"3073211","44502 N Tabler Ave, Lancaster, California, ","Match","Non_Exact","44502 TABLER AVE, LANCASTER, CA, 93535","-118.116442407153,34.692192620719","141527462","L"
"1537992","5026 Walton Ave, Philadelphia, Pennsylvania, ","Match","Exact","5026 WALTON AVE, PHILADELPHIA, PA, 19143","-75.223644301632,39.949222095533","131399685","L"
"3094239","5 Cam Escondido, Belen, New Mexico, ","Match","Exact","5 CAM ESCONDIDO, BELEN, NM, 87002","-106.681880481213,34.571737903939","179341339","R"
"2771255","7104 Berkman Dr, Austin, Texas, ","Match","Exact","7104 BERKMAN DR, AUSTIN, TX, 78752","-97.689650098112,30.324071498268","64020518","L"
"2147042","9539 S Harrison Ave, Farwell, Michigan, ","Match","Non_Exact","9539 HARRISON AVE, FARWELL, MI, 48622","-84.828167756466,43.850316767798","647735280","R"
"917820","980 Fishing Creek Rd, Whitakers, North Carolina, ","Match","Exact","980 FISHING CREEK RD, WHITAKERS, NC, 27891","-77.828547753117,36.168777371888","636574407","R"
"3052758","7715 Lake Alice Rd SE, Fall City, Washington, ","Match","Exact","7715 LAKE ALICE RD SE, FALL CITY, WA, 98024","-121.883430081916,47.53172090221","655667303","L"
"1312284","42350 Church Point Rd, Gonzales, Louisiana, ","Tie"
"1615155","4100 block of Shady Oak Dr, Indianapolis, Indiana, ","Match","Non_Exact","4100 SHADY OAK DR, INDIANAPOLIS, IN, 46235","-85.98767761768,39.83279593609","108053627","L"
"266407","3200 block of Montrose Avenue, Rockford, Illinois, ","Match","Non_Exact","3200 MONTROSE AVE, ROCKFORD, IL, 61101","-89.107253232246,42.293814864592","49250763","L"
"3089589","200 Vineyard Walk, Atlanta, Georgia, ","No_Match"
"2606205","563 Lemon Acre, Texarkana, Texas, ","Match","Non_Exact","563 LEMON ACRES, TEXARKANA, TX, 75501","-94.146958139714,33.433065680605","57682655","L"
"1898261","100 Asbury Ave, Evanston, Illinois, ","Match","Exact","100 ASBURY AVE, EVANSTON, IL, 60202","-87.690241512368,42.019883489661","605252959","L"
"1666945","2800 block of N 12th St, Milwaukee, Wisconsin, ","No_Match"
"1568230","223 Martin Luther King Dr, Jersey City, New Jersey, ","Match","Exact","223 MARTIN LUTHER KING JR DR, JERSEY CITY, NJ, 07305","-74.083619293521,40.707054496293","59604342","L"
"1886721","5180 Pine Ridge Rd, Atkins, Arkansas, ","Match","Exact","5180 PINE RIDGE RD, ATKINS, AR, 72823","-93.000765222303,35.197440793393","606005546","R"
"491698","7106 Long Canyon Trail, Dallas, Texas, ","Match","Exact","7106 LONG CANYON TRL, DALLAS, TX, 75249","-96.948264051078,32.641158453963","102941564","L"
