3170672,3181 W Hallandale Beach Blvd,Hallandale (Hallandale Beach),Florida,
3144274,6700 block of 9th Ave,Lake Station,Indiana,
3136711,239 E Shoshone Ave,Byron,Wyoming,
3096566,3761 S Oxford Way,Salt Lake City (West Valley City),Utah,
3094239,5 Cam Escondido,Belen,New Mexico,
3089589,200 Vineyard Walk,Atlanta,Georgia,
3073211,44502 N Tabler Ave,Lancaster,California,
3069059,1918 S. Laura St,Wichita,Kansas,
3066278,6009 Tacony St,Duluth,Minnesota,
3052758,7715 Lake Alice Rd SE,Fall City,Washington,
3030531,2012 Magnolia Ave,Birmingham,Alabama,
3014703,940 Haymon Morris Rd,Winder,Georgia,
3012631,711 Desplaines Ave,Forest Park,Illinois,
3005280,76 Wyoming Ct,Syosset,New York,
3005100,1800 Pleasant Grove Dr NE,Dalton,Georgia,
2972255,1073 Greentree Dr,West Blocton,Alabama,
2967889,3427 27th St N,Birmingham,Alabama,
2965394,417 Kitty Hawk Rd,Alameda,California,
2960811,2673 Ridgecrest Dr,Florence,Kentucky,
2949852,370 Casa Norte Dr,North Las Vegas,Nevada,
2945819,920 W 4th St,Fordyce,Arkansas,
2943126,Nottingham Trail,Hudson,Florida,
2893900,5525 Galway Dr,Charlotte,North Carolina,
2887313,2804 Mirage St,Yukon,Oklahoma,
2844405,215 N 2nd St,King City,California,
2831391,828 Center Street N,Birmingham,Alabama,
2826477,6000 block of Bear Ave,Huntington Park,California,
2822404,58 Lewis Ave,Lansdowne (East Lansdowne),Pennsylvania,
2809998,Shadow Mountain Rd and Lessing Ave,Adelanto,California,
2808531,200 block of Davis St,Joliet,Illinois,
2807473,7430 173rd Pl,Tinley Park,Illinois,
2800844,17006 Cory Cornel Ln,Richmond,Texas,
2822517,1151 S Church Ave,Reedley,California,
2771255,7104 Berkman Dr,Austin,Texas,
2769819,9700 block of Royce Dr,Dallas,Texas,
2770132,11511 NE 92nd St,Vancouver,Washington,
2764540,836 W 110th St,Los Angeles,California,
2758871,3636 Field Lark Dr,Memphis,Tennessee,
2739575,10310 Garland Hwy,Clinton,North Carolina,
2738185,24 Mollison Way,Lewiston,Maine,
2709153,512 Concord Ave,Romeoville,Illinois,
2690239,13305 Carnation Ave NW,Hartville,Ohio,
2683213,7405 NW 5th Terrace,Oklahoma City,Oklahoma,
2653609,92 Dogwood Lakes Dr,Hampton,Georgia,
2643602,2000 block of Pearl Ave,Shreveport,Louisiana,
2642071,5700 block of Warrington Ave,Philadelphia,Pennsylvania,
2629211,525 W Cameron Ave,Kellogg,Idaho,
2626402,246 Pine St,Sequatchie,Tennessee,
2609761,Alma School Rd and Main St,Mesa,Arizona,
2606205,563 Lemon Acre,Texarkana,Texas,
2590046,820 W Stacy Rd,Allen,Texas,
2587288,614 Dawnlight Dr,Lake Wales,Florida,
2586872,14360 Holly Rd,Henryetta,Oklahoma,
2585718,15900 block of H St,Mojave,California,
2584064,171 Walter Dr,Cleveland,Texas,
2575621,1459 Augusta Rd,Bowdoin,Maine,
2573436,220 N Broadnax St,Dadeville,Alabama,
2568184,333 E Main St,Louisville,Kentucky,
2555459,33 Burton Hills Blvd,Nashville,Tennessee,
2551678,190 Whitetail Cir,Sumter,South Carolina,
2545871,8400 block of 8th Ave S,Birmingham,Alabama,
2544817,3626 Villaverde Ave,Dallas,Texas,
2543201,14811 NW 87th Ct,Hialeah,Florida,
2536665,4075 Alan Shepard Ave,Cocoa,Florida,
2531925,123 block of Melanie Loop,Daphne,Alabama,
2527517,3196 Arkabutla Dam Road,Coldwater,Mississippi,
2605383,380 Clinch Valley Rd,Luttrell,Tennessee,
2509663,12761 San Mateo Rd,Half Moon Bay,California,
2507836,122 W Garvey Ave,Monterey Park,California,
2503345,Harvest Ave and Rd 68,Goshen,California,
2501869,3719 Mack Ct,Cleveland,Ohio,
2497502,2734 Mossy Meadow Dr,High Point,North Carolina,
2495648,4923 N Albert Dr,Cedar City (Enoch),Utah,
2465761,1521 Sam's Circle,Chesapeake,Virginia,
2464943,2372 N 2760 Rd,Hennessey,Oklahoma,
2463465,3430 N Academy Blvd,Colorado Springs,Colorado,
2462457,4275 Laurel Oak Rd,Richmond,Virginia,
2452673,10145 Myers Dr,Orlando,Florida,
2452798,3018 Wildflower Dr,La Plata,Maryland,
2448366,900 block of N Geneva St,Aurora,Colorado,
2447217,425 S Hickory Ave,Broken Arrow,Oklahoma,
2444683,700 Mansfield Court,Hartland,Wisconsin,
2439423,5297 Mansfield Ct,Woodbridge,Virginia,
2436826,5300 block of Sahalee Way,Raleigh,North Carolina,
2439284,US-75 and Catalpa Rd,Henryetta,Oklahoma,
2434247,280 Bobo Dr,Inman,South Carolina,
2432893,1200 block of Jessamine St,Fort Worth,Texas,
2431069,2000 block of Tri City Beach Rd,Baytown,Texas,
2426627,901 S Monroe St,Mc Gregor,Texas,
2410446,47 Hebron Ct,Elk Mills,Maryland,
2379499,7120 Hardwicke Pl,Dayton,Ohio,
2379020,503 Elm St,Laurel,Nebraska,
2377338,9873 Lake District Ln,Orlando,Florida,
2361614,2331 Bammelwood Dr,Houston,Texas,
2348384,Central Ave and 2nd St,Highland Park,Illinois,
2323642,1628 Maple Ave,Portsmouth,Virginia,
2319567,1696 TX-7 W,Centerville,Texas,
2318310,6161 S Yale Ave,Tulsa,Oklahoma,
2313970,10711 185th Ave,Stanwood,Michigan,
2310278,715 Old Carrizo Rd,Uvalde,Texas,
2301751,1275 Jefferson Ave,Buffalo,New York,
2288842,2688 Beach Blvd,Biloxi,Mississippi,
2285267,646 Northcutt Rd,Mountain View,Arkansas,
2283535,715 E 12th St,Duluth,Minnesota,
2269082,J St and 10th St,Sacramento,California,
2243861,2041 Wyda Way,Sacramento,California,
2227058,2919 W 2nd Ave,Corsicana,Texas,
2217882,1300 block of N Park Ave,Inglewood,California,
2218159,2505 N 21st St,Milwaukee,Wisconsin,
2201716,1200 block of Lewis Ave,Gulfport,Mississippi,
2198521,56 Broadway,Denver,Colorado,
2178487,745 N Oxford Rd,Oxford,Michigan,
2177416,3500 block of Garnet Ln,Lancaster,California,
2147301,4258 Everett St,Tacoma,Washington,
2147042,9539 S Harrison Ave,Farwell,Michigan,
2125444,Co Rd 60,Athens,Tennessee,
2115947,7th St W and N Walnut St,Saint Paul,Minnesota,
2108414,7518 Imogene St,Houston,Texas,
2108302,N Socrum Loop Rd and Fulton Green Rd,Lakeland,Florida,
2074406,1718 1st St,Wasco,California,
2068568,16241 TX-110,Jacksonville,Texas,
2035452,6221 S Morgan St,Chicago,Illinois,
2015730,101 W Younger Ave,San Jose,California,
2014381,127 Jackson St,West Jefferson,Ohio,
1999125,2828 Preakness Way,Colorado Springs,Colorado,
1989840,553 Hardaman Cir,Boone,North Carolina,
1978635,8951 Mirabel Rd,Indianapolis,Indiana,
1971410,4456 Marshall Rd,Rock Hill,South Carolina,
1969221,1517 Pine Bluff Dr,Allen,Texas,
1966181,202 West Lincoln Ave,Orange,California,
1963598,1601 Middleborough Rd,Essex,Maryland,
1958652,3600 Table Mesa Dr,Boulder,Colorado,
1954379,6468 Hwy 92,Acworth,Georgia,
1952161,300 block of N Randolph St,Indianapolis,Indiana,
1917909,903 Indiana St,Muskogee,Oklahoma,
1910136,3540 Adams St,Indianapolis,Indiana,
1898261,100 Asbury Ave,Evanston,Illinois,
1886721,5180 Pine Ridge Rd,Atkins,Arkansas,
1885251,Jeffrey Acres Rd,Meridian,Mississippi,
1876727,1384 Cemetery Hill Dr,Elkview,West Virginia,
1908063,611 Flynns Creek Rd,Williamsburg,West Virginia,
1866100,335 N Valley Way,Palmer,Alaska,
1788352,45125 CA-371,Aguanga,California,
1765336,24914 Martinsville Rd,Belleville,Michigan,
1749873,537 Willow Park Rd,Elyria,Ohio,
1739917,9122 Dexter Ave,Detroit,Michigan,
1728683,Harrison St and Carroll St,Paterson,New Jersey,
1725081,6100 block of S Carpenter St,Chicago,Illinois,
1712342,1800 block of Beatties Ford Rd,Charlotte,North Carolina,
1703044,1101 Richwood Road 2,Monroe,Louisiana,
1697453,522 Talucah Rd,Valhermoso Springs,Alabama,
1666945,2800 block of N 12th St,Milwaukee,Wisconsin,
1640317,2885 E Chestnut Expressway,Springfield,Missouri,
1640295,842 Moncure Flatwood Rd,Moncure,North Carolina,
1629488,3939 W Highland Blvd,Milwaukee,Wisconsin,
1615155,4100 block of Shady Oak Dr,Indianapolis,Indiana,
1606476,107 Kinshaw Ct,Vanceboro,North Carolina,
1599331,93 Eastmoor Dr,Grantsville,Utah,
1568230,223 Martin Luther King Dr,Jersey City,New Jersey,
1551531,5361 E Lamona Ave,Fresno,California,
1550546,2152 Flintridge Dr,San Diego,California,
1539347,114 Lucille Way,Orinda,California,
1537992,5026 Walton Ave,Philadelphia,Pennsylvania,
1525476,6733 W Irving Park Rd,Chicago,Illinois,
1521226,135 Centre Ave,Abington,Massachusetts,
1520330,1013 Central Ave,Kansas City,Kansas,
1515327,4100 block of Highland Ave,Beaumont,Texas,
1512486,3616 East 144th St,Cleveland,Ohio,
1503192,1028 Lura Pl SW,Albuquerque,New Mexico,
1495192,25019 Ridge Road,Elkmont,Alabama,
1492441,8250 TX 191,Odessa,Texas,
1467828,419 E 5th St,Dayton,Ohio,
1466705,7101 Gateway Blvd,El Paso,Texas,
1461352,16964 54th Ave,Chippewa Falls,Wisconsin,
1457165,21901 Roscoe Boulevard,Canoga Park,California,
1441721,1921 Chambers Rd,Saint Louis,Missouri,
1429810,568 Habbitts Court,San Jose,California,
1428047,519  West Taylor St,Santa Maria,California,
1418180,5151 Medicine Valley Rd,White Swan,Washington,
1410442,2405 Courthouse Drive,Virginia Beach,Virginia,
1394330,4047 Shreve Ave,Saint Louis,Missouri,
1382711,4637 Wyndtree Dr,West Chester,Ohio,
1328562,1214 Foxhill Dr,Clinton,Mississippi,
1327321,641 Archer Ave,Aurora,Illinois,
1324279,3628 FM 3126,Livingston,Texas,
1320286,E Sunny Dunes Rd and El Placer Rd,Palm Springs,California,
1312284,42350 Church Point Rd,Gonzales,Louisiana,
1310397,319 Williamson St,Rockmart,Georgia,
1309114,1901 US 27 S,Sebring,Florida,
1287286,150 Whetstone Dr,Saint Charles,Missouri,
1258804,5100 block of Malcolm St,Philadelphia,Pennsylvania,
1249561,99 Rolling Oaks Dr,Thousand Oaks,California,
1241819,5898 Wilkins Ave,Pittsburgh,Pennsylvania,
1233663,1075 Carters Creek Pike,Columbia,Tennessee,
1232288,511 Wilburn St,Taft,Texas,
1209006,660 Manwell Blvd,Bakersfield,California,
1173476,603 East Ave J,Robstown,Texas,
1160253,2709 Ferris Rd,Wilmington,Delaware,
1151584,888 Bestgate Rd,Annapolis,Maryland,
1138324,4932 Eaglesmere Dr,Orlando,Florida,
1118785,16000 Hwy 6,Santa Fe,Texas,
1116705,610 Lone Star Park Ln,Ponder,Texas,
1096826,3571 Murfreesboro Pike,Antioch,Tennessee,
1057518,22700 Fenkell Ave,Detroit,Michigan,
1049217,5901 Pine Island Rd,Pompano Beach (Parkland),Florida,
1046961,413 Mill St,Paintsville,Kentucky,
1037529,1301 Indian Creek Valley Rd,Melcroft,Pennsylvania,
1038429,123 S 3rd St,Reading,Pennsylvania,
1018118,635 Wall St,Long Branch,New Jersey,
987611,17357 Stagecoach Rd,Corning,California,
980577,216 4th St,Sutherland Springs,Texas,
957562,15497 SR 93,Pedro,Ohio,
952720,400 block of W 13th Street,Casa Grande,Arizona,
946496,3950 Las Vegas Blvd S,Las Vegas,Nevada,
933957,4700 block of S Fairfield Ave,Chicago,Illinois,
930569,1712 West Spring Creek Parkway,Plano,Texas,
920513,10400 block of Balmoral Dr,Saint Louis,Missouri,
917820,980 Fishing Creek Rd,Whitakers,North Carolina,
868363,491 NM-111,La Madera,New Mexico,
859875,2427 Forsyth Rd,Orlando,Florida,
853756,2871 Lee Dr,Bogue Chitto,Mississippi,
813821,3829 Mount Pleasant St,Houston,Texas,
807618,2704 E 75th St,Chicago,Illinois,
800363,1133 E Grand Ave,Rothschild,Wisconsin,
779582,Butts Road,Toomsuba,Mississippi,
768243,11th Street,Yazoo City,Mississippi,
1025158,Tenino Dr W,Bremerton,Washington,
743995,100 Terminal Dr,Fort Lauderdale,Florida,
733176,2241 Banks Lane East,Wilson,North Carolina,
727759,100 block of W 105th St,Chicago (Roseland),Illinois,
725323,15300 block of Market St,Channelview,Texas,
686312,600 block of Moccasin Gap Road,Jackson,Georgia,
676663,2918 Rimpau Blvd,Los Angeles,California,
668279,S 17250 East Rd,Pembroke Township,Illinois,
661703,201 Cascade Mall Dr,Burlington,Washington,
651957,8330 Linden Rd,Del Valle,Texas,
634819,17160 Jim Platt Road,Citronelle,Alabama,
623195,51 Winding Brook Drive,Reading (Sinking Spring),Pennsylvania,
604762,9611 Airline Hwy,Baton Rouge,Louisiana,
597756,800 Main St,Dallas,Texas,
592207,6100 block of West Lake Mead Boulevard,Las Vegas,Nevada,
577157,1912 S Orange Ave,Orlando,Florida,
577574,2300 block of Davis Ave,Roswell,New Mexico,
565244,Rossman Dairy Road,Moultrie,Georgia,
546022,3162 Johnson Drive,Appling,Georgia,
545525,4077 Union Hill Rd,Piketon,Ohio,
519541,1304 Franklin Ave,Pittsburgh (Wilkinsburg),Pennsylvania,
518436,3000 block of South 36th Street,Kansas City,Kansas,
512073,300 block of Horseshoe Rd,Belfair,Washington,
509897,4812 West Sunnyside Ave,Glendale,Arizona,
508640,5581 Cracker Barrel Blvd,Kalamazoo,Michigan,
590221,4100 block of Buena Vista Road,Edgerton,Missouri,
494378,1401 N. George Washington Hwy,Chesapeake,Virginia,
456893,1365 South Waterman Ave,San Bernardino,California,
448419,800 block of An County Rd 2217,Tennessee Colony,Texas,
423223,1140 Umpqua College Rd,Roseburg,Oregon,
418318,36705 379th Street,Geddes,South Dakota,
412040,20980 Channel Drive,Excelsior,Minnesota,
390526,2211 Falling Oaks,Houston,Texas,
390050,3182 Airport Rd,Barre,Vermont,
379166,5500 block of Old Atlanta Road,Suwanee,Georgia,
375022,4051 Amnicola Hwy,Chattanooga,Tennessee,
374630,7050 Old State Rd,Holly Hill,South Carolina,
359830,110 Calhoun Street,Charleston,South Carolina,
357164,1623 E. Hudson Street,Columbus,Ohio,
353854,Boulder Creek Road,Deer Lodge,Montana,
341622,4671 S Jack Kultgen Fwy,Waco,Texas,
339229,800 block of West Calle Medina Road,Tucson,Arizona,
324424,4300 block of East Anderson Drive,Phoenix,Arizona,
312119,3100 block of N Harding St,Indianapolis,Indiana,
298122,18279 Highway H,Tyrone,Missouri,
289811,3640 Willow Tree Circle,Douglasville,Georgia,
286810,113 Woodstream Trl,Lagrange,Georgia,
276459,Laguna St and Page St,San Francisco,California,
266407,3200 block of Montrose Avenue,Rockford,Illinois,
263556,100 block of West 5th St,Lansdale,Pennsylvania,
223651,1443 E 92nd St,Cleveland,Ohio,
221347,2555 N. Glenstone,Springfield,Missouri,
211348,1410 Old Dover Road,Cadiz,Kentucky,
210363,5611 108th St NE,Marysville,Washington,
204254,1846 Western Ave,Guilderland,New York,
192851,2550 NW 29th Terrace,Bell,Florida,
168844,14458 Rixeyville Rd,Culpeper,Virginia,
164513,35 Water Street,Saco,Maine,
156670,711 Leaflet Ln,Spring,Texas,
144524,17372 Phlox Drive,Fort Myers,Florida,
108649,300 W 1st St,Alturas,California,
108691,3200 block of S Parker Ave,Indianapolis,Indiana,
140117,14015 Fosters Creek Dr,Cypress,Texas,
97365,37 N 630 West,Spanish Fork,Utah,
495332,1629 SW Central Park,Topeka,Kansas,
494155,Pine Street and Harvard Avenue,Tulsa,Oklahoma,
493109,1107 Randolph St,Jacksonville,Florida,
492914,2007 Callison Hwy,Greenwood,South Carolina,
2930352,309 Stallings St,Terrell,Texas,
492325,4579 N 17th Ave,Phoenix,Arizona,
480981,435 NE 6th Street,Paris,Texas,
480605,703 NW 0149,Rice,Texas,
480366,1336 Isaac Hull Ave,Washington Navy Yard,District of Columbia,
479747,US 70 and Renegade Mountain Pkwy,Crab Orchard,Tennessee,
492001,4601 SE 79th St,Oklahoma City,Oklahoma,
491698,7106 Long Canyon Trail,Dallas,Texas,
491265,1485 W 46th St,Hialeah,Florida,
491253,743 Locust Avenue,Clarksburg,West Virginia,
489581,2036 Yorkshire Ave,Santa Monica,California,
486142,2634 E Main Cross St,Columbus,Indiana,
485811,East Street,Manchester,Illinois,
484333,33311 18th Ln S,Federal Way,Washington,
484317,20 Kimlyn Circle,Akron,Ohio,
482856,17 W Main St,Mohawk,New York,
479363,2806 Long Lane,Albuquerque,New Mexico,
478948,6000 block of South Owasso,Tulsa,Oklahoma,
1119336,12 Dickenson Dr,Sandy Hook,Connecticut,
2807948,2322 Chestnut Ave,Minneapolis,Minnesota,
2807879,7512 S Howell Ave,Oak Creek,Wisconsin,
2805505,14300 E Alameda Ave,Aurora,Colorado,
2807354,5828 Roosevelt Way NE,Seattle,Washington,
2807241,7850 Edgewater Dr,Oakland,California,
2930956,6005 Buford Hwy,Norcross,Georgia,
3031116,3113 Avenue S,Birmingham,Alabama,
